label,img_name_no_ext,source_url,source_dataset,FileName,Folder,Box,Genus,species,subspecies,subspecies II,Subfamily,Taxonomic ID,id uncertain,sex,NCSU_id,NCSU #,stri_id,STRI ID,Other ID,Date Collected,Collector,Sample type,Owner of Sample
damaged,NCS_1689_D,./Box 11/29_04_2022_1672-1705/JPG/NCS_1689_D.JPG,STRI,NCS_1689_D.JPG,29_04_2022_1672-1705,Box 11,Heliconius,erato,hydara,petiverana,,,,male,NCSU_1689,NCSU_1689,NCSU_1689,,,25-Oct-08,McMillan/Hines,,
damaged,NCS_1851_D,./Box 11/05_05_2022_1800-1927/JPG/DORSAL/NCS_1851_D.JPG,STRI,NCS_1851_D.JPG,05_05_2022_1800-1927,Box 11,Heliconius,sara,,,,,X,,NCSU_1851,NCSU_1851,NCSU_1851,,,04-Jul-09,Counterman/Izzi,,
damaged,NCS_1824_D,./Box 11/05_05_2022_1800-1927/JPG/DORSAL/NCS_1824_D.JPG,STRI,NCS_1824_D.JPG,05_05_2022_1800-1927,Box 11,Heliconius,erato,erato,,,,X,,NCSU_1824,NCSU_1824,NCSU_1824,,,04-Jul-09,Counterman/Izzi,,
damaged,NCS_1617_D,./Box 11/27_04_2022_1601-1671/JPG/NCS_1617_D.JPG,STRI,NCS_1617_D.JPG,27_04_2022_1601-1671,Box 11,Heliconius,melpomene,aglaope,,,,,male,NCSU_1617,NCSU_1617,NCSU_1617,,,16-Aug-08,McMillan/Reed,,
damaged,NCS_1946_D,./Box 11/06_05_2022_1928-2000/JPG/DORSAL/NCS_1946_D.JPG,STRI,NCS_1946_D.JPG,06_05_2022_1928-2000,Box 11,Heliconius,erato,erato,hydara,,,,male,NCSU_1946,NCSU_1946,NCSU_1946,,,08-Jul-09,Counterman/Izzi,,
damaged,NCS_1748_D,./Box 11/03_05_2022_1706-1750/JPG/DORSAL/NCS_1748_D.JPG,STRI,NCS_1748_D.JPG,03_05_2022_1706-1750,Box 11,Heliconius,erato,erato,hydara,,,,male,NCSU_1748,NCSU_1748,NCSU_1748,,,01-Jul-09,Counterman/Izzi,,
damaged,NCS_2000_D,./Box 11/06_05_2022_1928-2000/JPG/DORSAL/NCS_2000_D.JPG,STRI,NCS_2000_D.JPG,06_05_2022_1928-2000,Box 11,Heliconius,erato,hydara,,,,,female,NCSU_2000,NCSU_2000,NCSU_2000,,,04-Jul-09,Counterman/Izzi,,
damaged,NCS_1825_D,./Box 11/05_05_2022_1800-1927/JPG/DORSAL/NCS_1825_D.JPG,STRI,NCS_1825_D.JPG,05_05_2022_1800-1927,Box 11,Heliconius,sara,,,,,X,,NCSU_1825,NCSU_1825,NCSU_1825,,,04-Jul-09,Counterman/Izzi,,
damaged,NCS_1852_D,./Box 11/05_05_2022_1800-1927/JPG/DORSAL/NCS_1852_D.JPG,STRI,NCS_1852_D.JPG,05_05_2022_1800-1927,Box 11,Heliconius,sara,,,,,X,,NCSU_1852,NCSU_1852,NCSU_1852,,,04-Jul-09,Counterman/Izzi,,
damaged,NCS_1861_D,./Box 11/05_05_2022_1800-1927/JPG/DORSAL/NCS_1861_D.JPG,STRI,NCS_1861_D.JPG,05_05_2022_1800-1927,Box 11,Heliconius,erato,erato,hydara,,,,male,NCSU_1861,NCSU_1861,NCSU_1861,,,04-Jul-09,Counterman/Izzi,,
damaged,NCS_1872_D,./Box 11/05_05_2022_1800-1927/JPG/DORSAL/NCS_1872_D.JPG,STRI,NCS_1872_D.JPG,05_05_2022_1800-1927,Box 11,Heliconius,erato,erato,,,,X,female,NCSU_1872,NCSU_1872,NCSU_1872,,,04-Jul-09,Counterman/Izzi,,
damaged,NCS_1991_D,./Box 11/06_05_2022_1928-2000/JPG/DORSAL/NCS_1991_D.JPG,STRI,NCS_1991_D.JPG,06_05_2022_1928-2000,Box 11,Heliconius,erato,erato,hydara,,,,male,NCSU_1991,NCSU_1991,NCSU_1991,,,09-Jul-09,Counterman/Izzi,,
damaged,NCS_1685_D,./Box 11/29_04_2022_1672-1705/JPG/NCS_1685_D.JPG,STRI,NCS_1685_D.JPG,29_04_2022_1672-1705,Box 11,Heliconius,erato,hydara,petiverana,,,,male,NCSU_1685,NCSU_1685,NCSU_1685,,,25-Oct-08,McMillan/Hines,,
damaged,NCS_1847_D,./Box 11/05_05_2022_1800-1927/JPG/DORSAL/NCS_1847_D.JPG,STRI,NCS_1847_D.JPG,05_05_2022_1800-1927,Box 11,Heliconius,erato,erato,hydara,,,,male,NCSU_1847,NCSU_1847,NCSU_1847,,,02-Jul-09,Counterman/Izzi,,
damaged,NCS_1999_D,./Box 11/06_05_2022_1928-2000/JPG/DORSAL/NCS_1999_D.JPG,STRI,NCS_1999_D.JPG,06_05_2022_1928-2000,Box 11,Heliconius,erato,erato,,,,,female,NCSU_1999,NCSU_1999,NCSU_1999,,,09-Jul-09,Counterman/Izzi,,
damaged,NCS_1931_D,./Box 11/06_05_2022_1928-2000/JPG/DORSAL/NCS_1931_D.JPG,STRI,NCS_1931_D.JPG,06_05_2022_1928-2000,Box 11,Heliconius,erato,hydara,,,,,male,NCSU_1931,NCSU_1931,NCSU_1931,,,07-Jul-09,Counterman/Izzi,,
damaged,NCS_1761_D,./Box 11/04_05_2022_1751-1799/JPG/DORSAL/NCS_1761_D.JPG,STRI,NCS_1761_D.JPG,04_05_2022_1751-1799,Box 11,Junonia,,,,,,,,NCSU_1761,NCSU_1761,NCSU_1761,,,01-Jul-09,Counterman/Izzi,,
damaged,NCS_1754_D,./Box 11/04_05_2022_1751-1799/JPG/DORSAL/NCS_1754_D.JPG,STRI,NCS_1754_D.JPG,04_05_2022_1751-1799,Box 11,Heliconius,erato,erato,hydara,,,,male,NCSU_1754,NCSU_1754,NCSU_1754,,,01-Jul-09,Counterman/Izzi,,
damaged,NCS_1788_D,./Box 11/04_05_2022_1751-1799/JPG/DORSAL/NCS_1788_D.JPG,STRI,NCS_1788_D.JPG,04_05_2022_1751-1799,Box 11,Heliconius,erato,erato,hydara,,,,male,NCSU_1788,NCSU_1788,NCSU_1788,,,03-Jul-09,Counterman/Izzi,,
damaged,NCS_1684_D,./Box 11/29_04_2022_1672-1705/JPG/NCS_1684_D.JPG,STRI,NCS_1684_D.JPG,29_04_2022_1672-1705,Box 11,Eueides,procula,,,,,X,,NCSU_1684,NCSU_1684,NCSU_1684,,,18-Aug-08,McMillan/Reed,,
damaged,NCS_1633_D,./Box 11/27_04_2022_1601-1671/JPG/NCS_1633_D.JPG,STRI,NCS_1633_D.JPG,27_04_2022_1601-1671,Box 11,Heliconius,melpomene,aglaope,,,,,male,NCSU_1633,NCSU_1633,NCSU_1633,,,17-Aug-08,McMillan/Reed,,
damaged,NCS_1803_D,./Box 11/05_05_2022_1800-1927/JPG/DORSAL/NCS_1803_D.JPG,STRI,NCS_1803_D.JPG,05_05_2022_1800-1927,Box 11,Heliconius,elevatus,,,,,,male,NCSU_1803,NCSU_1803,NCSU_1803,,,03-Jul-09,Counterman/Izzi,,
damaged,NCS_1745_D,./Box 11/03_05_2022_1706-1750/JPG/DORSAL/NCS_1745_D.JPG,STRI,NCS_1745_D.JPG,03_05_2022_1706-1750,Box 11,Heliconius,erato,hydara,,,,,male,NCSU_1745,NCSU_1745,NCSU_1745,,,03-Jun-09,Counterman/Izzi,,
damaged,NCS_1729_D,./Box 11/03_05_2022_1706-1750/JPG/DORSAL/NCS_1729_D.JPG,STRI,NCS_1729_D.JPG,03_05_2022_1706-1750,Box 11,Heliconius,erato,hydara,petiverana,,,,female,NCSU_1729,NCSU_1729,NCSU_1729,,,25-Oct-08,McMillan/Hines,,
damaged,NCS_1963_D,./Box 11/06_05_2022_1928-2000/JPG/DORSAL/NCS_1963_D.JPG,STRI,NCS_1963_D.JPG,06_05_2022_1928-2000,Box 11,Heliconius,elevatus,,,,,,male,NCSU_1963,NCSU_1963,NCSU_1963,,,09-Jul-09,Counterman/Izzi,,
damaged,NCS_1752_D,./Box 11/04_05_2022_1751-1799/JPG/DORSAL/NCS_1752_D.JPG,STRI,NCS_1752_D.JPG,04_05_2022_1751-1799,Box 11,Heliconius,erato,erato,hydara,,,,male,NCSU_1752,NCSU_1752,NCSU_1752,,,01-Jul-09,Counterman/Izzi,,
damaged,NCS_1843_D,./Box 11/05_05_2022_1800-1927/JPG/DORSAL/NCS_1843_D.JPG,STRI,NCS_1843_D.JPG,05_05_2022_1800-1927,Box 11,Heliconius,erato,erato,hydara,,,,male,NCSU_1843,NCSU_1843,NCSU_1843,,,02-Jul-09,Counterman/Izzi,,
damaged,NCS_1888_D,./Box 11/05_05_2022_1800-1927/JPG/DORSAL/NCS_1888_D.JPG,STRI,NCS_1888_D.JPG,05_05_2022_1800-1927,Box 11,Heliconius,erato,hydara,,,,,male,NCSU_1888,NCSU_1888,NCSU_1888,,,05-Jul-09,Counterman/Izzi,,
damaged,NCS_1702_D,./Box 11/29_04_2022_1672-1705/JPG/NCS_1702_D.JPG,STRI,NCS_1702_D.JPG,29_04_2022_1672-1705,Box 11,Heliconius,melpomene,melpomene,,,,,male,NCSU_1702,NCSU_1702,NCSU_1702,,,25-Oct-08,McMillan/Hines,,
damaged,NCS_1674_D,./Box 11/29_04_2022_1672-1705/JPG/NCS_1674_D.JPG,STRI,NCS_1674_D.JPG,29_04_2022_1672-1705,Box 11,Heliconius,erato,emma,,,,,male,NCSU_1674,NCSU_1674,NCSU_1674,,,18-Aug-08,McMillan/Reed,,
damaged,NCS_1688_D,./Box 11/29_04_2022_1672-1705/JPG/NCS_1688_D.JPG,STRI,NCS_1688_D.JPG,29_04_2022_1672-1705,Box 11,Heliconius,erato,hydara,petiverana,,,,male,NCSU_1688,NCSU_1688,NCSU_1688,,,25-Oct-08,McMillan/Hines,,
damaged,NCS_1707_D,./Box 11/03_05_2022_1706-1750/JPG/DORSAL/NCS_1707_D.JPG,STRI,NCS_1707_D.JPG,03_05_2022_1706-1750,Box 11,Heliconius,erato,demophoon,,,,,male,NCSU_1707,NCSU_1707,NCSU_1707,,,25-Oct-08,McMillan/Hines,,
damaged,NCS_1758_D,./Box 11/04_05_2022_1751-1799/JPG/DORSAL/NCS_1758_D.JPG,STRI,NCS_1758_D.JPG,04_05_2022_1751-1799,Box 11,Heliconius,erato,erato,,,,,male,NCSU_1758,NCSU_1758,NCSU_1758,,,01-Jul-09,Counterman/Izzi,,
damaged,STRI_WOM_0030_D,./Box 10/18_04_2022_0001-2362/JPG/DORSAL/STRI_WOM_0030_D.JPG,STRI,STRI_WOM_0030_D.JPG,18_04_2022_0001-2362,Box 10,Heliconius,erato,petiverana,hydara,,,,male,STRI_WOM_0030,STRI_WOM_0030,STRI_WOM_0030,,,26-Sep-11,McMillan,,
damaged,NCS_1942_D,./Box 11/06_05_2022_1928-2000/JPG/DORSAL/NCS_1942_D.JPG,STRI,NCS_1942_D.JPG,06_05_2022_1928-2000,Box 11,Heliconius,erato,erato,hydara,,,,male,NCSU_1942,NCSU_1942,NCSU_1942,,,08-Jul-09,Counterman/Izzi,,
damaged,NCS_1974_D,./Box 11/06_05_2022_1928-2000/JPG/DORSAL/NCS_1974_D.JPG,STRI,NCS_1974_D.JPG,06_05_2022_1928-2000,Box 11,Heliconius,erato,erato,hydara,,,,male,NCSU_1974,NCSU_1974,NCSU_1974,,,11-Jul-09,Counterman,,
damaged,NCS_1753_D,./Box 11/04_05_2022_1751-1799/JPG/DORSAL/NCS_1753_D.JPG,STRI,NCS_1753_D.JPG,04_05_2022_1751-1799,Box 11,Heliconius,numata,,,,,,male,NCSU_1753,NCSU_1753,NCSU_1753,,,01-Jul-09,Counterman/Izzi,,
damaged,NCS_1808_D,./Box 11/05_05_2022_1800-1927/JPG/DORSAL/NCS_1808_D.JPG,STRI,NCS_1808_D.JPG,05_05_2022_1800-1927,Box 11,Heliconius,erato,erato,hydara,,,,male,NCSU_1808,NCSU_1808,NCSU_1808,,,03-Jul-09,Counterman/Izzi,,
damaged,NCS_1614_D,./Box 11/27_04_2022_1601-1671/JPG/NCS_1614_D.JPG,STRI,NCS_1614_D.JPG,27_04_2022_1601-1671,Box 11,Heliconius,xanthocles,,,,,,male,NCSU_1614,NCSU_1614,NCSU_1614,,,16-Aug-08,McMillan/Reed,,
damaged,NCS_1879_D,./Box 11/05_05_2022_1800-1927/JPG/DORSAL/NCS_1879_D.JPG,STRI,NCS_1879_D.JPG,05_05_2022_1800-1927,Box 11,Heliconius,erato,hydara,,,,,female,NCSU_1879,NCSU_1879,NCSU_1879,,,04-Jul-09,Counterman/Izzi,,
damaged,NCS_1866_D,./Box 11/05_05_2022_1800-1927/JPG/DORSAL/NCS_1866_D.JPG,STRI,NCS_1866_D.JPG,05_05_2022_1800-1927,Box 11,Heliconius,erato,erato,hydara,,,,male,NCSU_1866,NCSU_1866,NCSU_1866,,,04-Jul-09,Counterman/Izzi,,
damaged,NCS_1637_D,./Box 11/27_04_2022_1601-1671/JPG/NCS_1637_D.JPG,STRI,NCS_1637_D.JPG,27_04_2022_1601-1671,Box 11,Heliconius,melpomene,aglaope,,,,,male,NCSU_1637,NCSU_1637,NCSU_1637,,,17-Aug-08,McMillan/Reed,,
damaged,NCS_1706_D,./Box 11/03_05_2022_1706-1750/JPG/DORSAL/NCS_1706_D.JPG,STRI,NCS_1706_D.JPG,03_05_2022_1706-1750,Box 11,Heliconius,erato,demophoon,,,,,male,NCSU_1706,NCSU_1706,NCSU_1706,,,25-Oct-08,McMillan/Hines,,
damaged,NCS_1857_D,./Box 11/05_05_2022_1800-1927/JPG/DORSAL/NCS_1857_D.JPG,STRI,NCS_1857_D.JPG,05_05_2022_1800-1927,Box 11,Heliconius,erato,erato,,,,X,female,NCSU_1857,NCSU_1857,NCSU_1857,,,04-Jul-09,Counterman/Izzi,,
damaged,NCS_1805_D,./Box 11/05_05_2022_1800-1927/JPG/DORSAL/NCS_1805_D.JPG,STRI,NCS_1805_D.JPG,05_05_2022_1800-1927,Box 11,Heliconius,elevatus,,,,,,male,NCSU_1805,NCSU_1805,NCSU_1805,,,03-Jul-09,Counterman/Izzi,,
damaged,NCS_1730_D,./Box 11/03_05_2022_1706-1750/JPG/DORSAL/NCS_1730_D.JPG,STRI,NCS_1730_D.JPG,03_05_2022_1706-1750,Box 11,Heliconius,erato,hydara,petiverana,,,,female,NCSU_1730,NCSU_1730,NCSU_1730,,,25-Oct-08,McMillan/Hines,,
damaged,NCS_1630_D,./Box 11/27_04_2022_1601-1671/JPG/NCS_1630_D.JPG,STRI,NCS_1630_D.JPG,27_04_2022_1601-1671,Box 11,Heliconius,melpomene,aglaope,,,,,male,NCSU_1630,NCSU_1630,NCSU_1630,,,17-Aug-08,McMillan/Reed,,
damaged,NCS_1642_D,./Box 11/27_04_2022_1601-1671/JPG/NCS_1642_D.JPG,STRI,NCS_1642_D.JPG,27_04_2022_1601-1671,Box 11,Heliconius,sara,,,,,,male,NCSU_1642,NCSU_1642,NCSU_1642,,,17-Aug-08,McMillan/Reed,,
damaged,NCS_1858_D,./Box 11/05_05_2022_1800-1927/JPG/DORSAL/NCS_1858_D.JPG,STRI,NCS_1858_D.JPG,05_05_2022_1800-1927,Box 11,Heliconius,erato,erato,,,,,male,NCSU_1858,NCSU_1858,NCSU_1858,,,04-Jul-09,Counterman/Izzi,,
damaged,NCS_1676_D,./Box 11/29_04_2022_1672-1705/JPG/NCS_1676_D.JPG,STRI,NCS_1676_D.JPG,29_04_2022_1672-1705,Box 11,Heliconius,melpomene,aglaope,,,,,male,NCSU_1676,NCSU_1676,NCSU_1676,,,18-Aug-08,McMillan/Reed,,
damaged,NCS_1686_D,./Box 11/29_04_2022_1672-1705/JPG/NCS_1686_D.JPG,STRI,NCS_1686_D.JPG,29_04_2022_1672-1705,Box 11,Heliconius,erato,hydara,petiverana,,,,male,NCSU_1686,NCSU_1686,NCSU_1686,,,25-Oct-08,McMillan/Hines,,
damaged,NCS_1891_D,./Box 11/05_05_2022_1800-1927/JPG/DORSAL/NCS_1891_D.JPG,STRI,NCS_1891_D.JPG,05_05_2022_1800-1927,Box 11,Heliconius,erato,hydara,,,,,male,NCSU_1891,NCSU_1891,NCSU_1891,,,05-Jul-09,Counterman/Izzi,,
damaged,NCS_1880_D,./Box 11/05_05_2022_1800-1927/JPG/DORSAL/NCS_1880_D.JPG,STRI,NCS_1880_D.JPG,05_05_2022_1800-1927,Box 11,Heliconius,erato,erato,hydara,,,,female,NCSU_1880,NCSU_1880,NCSU_1880,,,04-Jul-09,Counterman/Izzi,,
damaged,NCS_1673_D,./Box 11/29_04_2022_1672-1705/JPG/NCS_1673_D.JPG,STRI,NCS_1673_D.JPG,29_04_2022_1672-1705,Box 11,Heliconius,erato,emma,,,,,male,NCSU_1673,NCSU_1673,NCSU_1673,,,18-Aug-08,McMillan/Reed,,
damaged,NCS_1831_D,./Box 11/05_05_2022_1800-1927/JPG/DORSAL/NCS_1831_D.JPG,STRI,NCS_1831_D.JPG,05_05_2022_1800-1927,Box 11,Heliconius,erato,erato,hydara,,,,male,NCSU_1831,NCSU_1831,NCSU_1831,,,02-Jul-09,Counterman/Izzi,,
damaged,NCS_1683_D,./Box 11/29_04_2022_1672-1705/JPG/NCS_1683_D.JPG,STRI,NCS_1683_D.JPG,29_04_2022_1672-1705,Box 11,Eueides,tales,,,,,X,,NCSU_1683,NCSU_1683,NCSU_1683,,,18-Aug-08,McMillan/Reed,,
damaged,NCS_1826_D,./Box 11/05_05_2022_1800-1927/JPG/DORSAL/NCS_1826_D.JPG,STRI,NCS_1826_D.JPG,05_05_2022_1800-1927,Box 11,Heliconius,erato,erato,,,,,female,NCSU_1826,NCSU_1826,NCSU_1826,,,01-Jul-09,Counterman/Izzi,,
damaged,NCS_1750_D,./Box 11/03_05_2022_1706-1750/JPG/DORSAL/NCS_1750_D.JPG,STRI,NCS_1750_D.JPG,03_05_2022_1706-1750,Box 11,Heliconius,erato,erato,,,,,male,NCSU_1750,NCSU_1750,NCSU_1750,,,01-Jul-09,Counterman/Izzi,,
damaged,NCS_1691_D,./Box 11/29_04_2022_1672-1705/JPG/NCS_1691_D.JPG,STRI,NCS_1691_D.JPG,29_04_2022_1672-1705,Box 11,Heliconius,erato,hydara,petiverana,,,,male,NCSU_1691,NCSU_1691,NCSU_1691,,,25-Oct-08,McMillan/Hines,,
damaged,NCS_1889_D,./Box 11/05_05_2022_1800-1927/JPG/DORSAL/NCS_1889_D.JPG,STRI,NCS_1889_D.JPG,05_05_2022_1800-1927,Box 11,Heliconius,erato,hydara,,,,,male,NCSU_1889,NCSU_1889,NCSU_1889,,,05-Jul-09,Counterman/Izzi,,
damaged,NCS_1628_D,./Box 11/27_04_2022_1601-1671/JPG/NCS_1628_D.JPG,STRI,NCS_1628_D.JPG,27_04_2022_1601-1671,Box 11,Heliconius,melpomene,aglaope,,,,,male,NCSU_1628,NCSU_1628,NCSU_1628,,,17-Aug-08,McMillan/Reed,,
damaged,NCS_1798_D,./Box 11/04_05_2022_1751-1799/JPG/DORSAL/NCS_1798_D.JPG,STRI,NCS_1798_D.JPG,04_05_2022_1751-1799,Box 11,Heliconius,erato,erato,hydara,,,,female,NCSU_1798,NCSU_1798,NCSU_1798,,,03-Jul-09,Counterman/Izzi,,
damaged,NCS_1864_D,./Box 11/05_05_2022_1800-1927/JPG/DORSAL/NCS_1864_D.JPG,STRI,NCS_1864_D.JPG,05_05_2022_1800-1927,Box 11,Heliconius,elevatus,,,,,,female,NCSU_1864,NCSU_1864,NCSU_1864,,,04-Jul-09,Counterman/Izzi,,
damaged,STRI_WOM_0007_D,./Box 10/18_04_2022_0001-2362/JPG/DORSAL/STRI_WOM_0007_D.JPG,STRI,STRI_WOM_0007_D.JPG,18_04_2022_0001-2362,Box 10,Heliconius,erato,petiverana,hydara,,,,female,STRI_WOM_0007,STRI_WOM_0007,STRI_WOM_0007,,,25-Sep-11,McMillan,,
damaged,NCS_1869_D,./Box 11/05_05_2022_1800-1927/JPG/DORSAL/NCS_1869_D.JPG,STRI,NCS_1869_D.JPG,05_05_2022_1800-1927,Box 11,Heliconius,erato,erato,hydara,,,,male,NCSU_1869,NCSU_1869,NCSU_1869,,,04-Jul-09,Counterman/Izzi,,
damaged,NCS_1672_D,./Box 11/29_04_2022_1672-1705/JPG/NCS_1672_D.JPG,STRI,NCS_1672_D.JPG,29_04_2022_1672-1705,Box 11,Heliconius,erato,emma,,,,,male,NCSU_1672,NCSU_1672,NCSU_1672,,,18-Aug-08,McMillan/Reed,,
damaged,NCS_1882_D,./Box 11/05_05_2022_1800-1927/JPG/DORSAL/NCS_1882_D.JPG,STRI,NCS_1882_D.JPG,05_05_2022_1800-1927,Box 11,Heliconius,erato,hydara,,,,,male,NCSU_1882,NCSU_1882,NCSU_1882,,,05-Jul-09,Counterman/Izzi,,
damaged,NCS_1733_D,./Box 11/03_05_2022_1706-1750/JPG/DORSAL/NCS_1733_D.JPG,STRI,NCS_1733_D.JPG,03_05_2022_1706-1750,Box 11,Heliconius,erato,petiverana,hydara,,,,,NCSU_1733,,NCSU_1733,,,,,,
damaged,STRI_WOM_0002_D,./Box 10/18_04_2022_0001-2362/JPG/DORSAL/STRI_WOM_0002_D.JPG,STRI,STRI_WOM_0002_D.JPG,18_04_2022_0001-2362,Box 10,Heliconius,erato,petiverana,hydara,,,,male,STRI_WOM_0002,STRI_WOM_0002,STRI_WOM_0002,,,25-Sep-11,McMillan,,
damaged,NCS_1862_D,./Box 11/05_05_2022_1800-1927/JPG/DORSAL/NCS_1862_D.JPG,STRI,NCS_1862_D.JPG,05_05_2022_1800-1927,Box 11,Heliconius,erato,erato,hydara,,,,male,NCSU_1862,NCSU_1862,NCSU_1862,,,04-Jul-09,Counterman/Izzi,,
damaged,STRI_WOM_0016_D,./Box 10/18_04_2022_0001-2362/JPG/DORSAL/STRI_WOM_0016_D.JPG,STRI,STRI_WOM_0016_D.JPG,18_04_2022_0001-2362,Box 10,Heliconius,erato,hydara,,,,,male,STRI_WOM_0016,STRI_WOM_0016,STRI_WOM_0016,,,26-Sep-11,McMillan,,
damaged,NCS_1716_D,./Box 11/03_05_2022_1706-1750/JPG/DORSAL/NCS_1716_D.JPG,STRI,NCS_1716_D.JPG,03_05_2022_1706-1750,Box 11,Heliconius,erato,hydara,petiverana,,,,male,NCSU_1716,NCSU_1716,NCSU_1716,,,25-Oct-08,McMillan/Hines,,
damaged,NCS_1796_D,./Box 11/04_05_2022_1751-1799/JPG/DORSAL/NCS_1796_D.JPG,STRI,NCS_1796_D.JPG,04_05_2022_1751-1799,Box 11,Heliconius,doris,,,,,,female,NCSU_1796,NCSU_1796,NCSU_1796,,,03-Jul-09,Counterman/Izzi,,
damaged,NCS_1717_D,./Box 11/03_05_2022_1706-1750/JPG/DORSAL/NCS_1717_D.JPG,STRI,NCS_1717_D.JPG,03_05_2022_1706-1750,Box 11,Heliconius,erato,hydara,petiverana,,,,male,NCSU_1717,NCSU_1717,NCSU_1717,,,25-Oct-08,McMillan/Hines,,
damaged,NCS_1970_D,./Box 11/06_05_2022_1928-2000/JPG/DORSAL/NCS_1970_D.JPG,STRI,NCS_1970_D.JPG,06_05_2022_1928-2000,Box 11,Heliconius,erato,erato,hydara,,,,male,NCSU_1970,NCSU_1970,NCSU_1970,,,11-Jul-09,Counterman,,
damaged,NCS_1787_D,./Box 11/04_05_2022_1751-1799/JPG/DORSAL/NCS_1787_D.JPG,STRI,NCS_1787_D.JPG,04_05_2022_1751-1799,Box 11,Heliconius,erato,erato,hydara,,,,male,NCSU_1787,NCSU_1787,NCSU_1787,,,03-Jul-09,Counterman/Izzi,,
damaged,NCS_1892_D,./Box 11/05_05_2022_1800-1927/JPG/DORSAL/NCS_1892_D.JPG,STRI,NCS_1892_D.JPG,05_05_2022_1800-1927,Box 11,Heliconius,erato,hydara,,,,,male,NCSU_1892,NCSU_1892,NCSU_1892,,,05-Jul-09,Counterman/Izzi,,
damaged,NCS_1677_D,./Box 11/29_04_2022_1672-1705/JPG/NCS_1677_D.JPG,STRI,NCS_1677_D.JPG,29_04_2022_1672-1705,Box 11,Heliconius,melpomene,aglaope,,,,,male,NCSU_1677,NCSU_1677,NCSU_1677,,,18-Aug-08,McMillan/Reed,,
damaged,NCS_1860_D,./Box 11/05_05_2022_1800-1927/JPG/DORSAL/NCS_1860_D.JPG,STRI,NCS_1860_D.JPG,05_05_2022_1800-1927,Box 11,Heliconius,erato,hydara,,,,,male,NCSU_1860,NCSU_1860,NCSU_1860,,,04-Jul-09,Counterman/Izzi,,
damaged,NCS_1708_D,./Box 11/03_05_2022_1706-1750/JPG/DORSAL/NCS_1708_D.JPG,STRI,NCS_1708_D.JPG,03_05_2022_1706-1750,Box 11,Heliconius,erato,demophoon,,,,,female,NCSU_1708,NCSU_1708,NCSU_1708,,,25-Oct-08,McMillan/Hines,,
damaged,NCS_1668_D,./Box 11/27_04_2022_1601-1671/JPG/NCS_1668_D.JPG,STRI,NCS_1668_D.JPG,27_04_2022_1601-1671,Box 11,Heliconius,wallacei,,,,,,male,NCSU_1668,NCSU_1668,NCSU_1668,,,18-Aug-08,McMillan/Reed,,
damaged,NCS_1797_D,./Box 11/04_05_2022_1751-1799/JPG/DORSAL/NCS_1797_D.JPG,STRI,NCS_1797_D.JPG,04_05_2022_1751-1799,Box 11,Heliconius,erato,erato,,,,,male,NCSU_1797,NCSU_1797,NCSU_1797,,,03-Jul-09,Counterman/Izzi,,
damaged,NCS_1840_D,./Box 11/05_05_2022_1800-1927/JPG/DORSAL/NCS_1840_D.JPG,STRI,NCS_1840_D.JPG,05_05_2022_1800-1927,Box 11,Heliconius,erato,erato,,,,,male,NCSU_1840,NCSU_1840,NCSU_1840,,,02-Jul-09,Counterman/Izzi,,
damaged,NCS_1868_D,./Box 11/05_05_2022_1800-1927/JPG/DORSAL/NCS_1868_D.JPG,STRI,NCS_1868_D.JPG,05_05_2022_1800-1927,Box 11,Heliconius,erato,erato,,,,,male,NCSU_1868,NCSU_1868,NCSU_1868,,,04-Jul-09,Counterman/Izzi,,
damaged,NCS_1998_D,./Box 11/06_05_2022_1928-2000/JPG/DORSAL/NCS_1998_D.JPG,STRI,NCS_1998_D.JPG,06_05_2022_1928-2000,Box 11,Heliconius,erato,erato,hydara,,,,female,NCSU_1998,NCSU_1998,NCSU_1998,,,09-Jul-09,Counterman/Izzi,,
damaged,NCS_1681_D,./Box 11/29_04_2022_1672-1705/JPG/NCS_1681_D.JPG,STRI,NCS_1681_D.JPG,29_04_2022_1672-1705,Box 11,Heliconius,wallacei,,,,,,male,NCSU_1681,NCSU_1681,NCSU_1681,,,18-Aug-08,McMillan/Reed,,
damaged,NCS_1936_D,./Box 11/06_05_2022_1928-2000/JPG/DORSAL/NCS_1936_D.JPG,STRI,NCS_1936_D.JPG,06_05_2022_1928-2000,Box 11,Heliconius,erato,erato,hydara,,,,male,NCSU_1936,NCSU_1936,NCSU_1936,,,08-Jul-09,Counterman/Izzi,,
damaged,NCS_1927_D,./Box 11/05_05_2022_1800-1927/JPG/DORSAL/NCS_1927_D.JPG,STRI,NCS_1927_D.JPG,05_05_2022_1800-1927,Box 11,Heliconius,erato,erato,,,,,female,NCSU_1927,NCSU_1927,NCSU_1927,,,05-Jul-09,Counterman/Izzi,,
damaged,NCS_1945_D,./Box 11/06_05_2022_1928-2000/JPG/DORSAL/NCS_1945_D.JPG,STRI,NCS_1945_D.JPG,06_05_2022_1928-2000,Box 11,Heliconius,erato,erato,hydara,,,,female,NCSU_1945,NCSU_1945,NCSU_1945,,,04-Jul-09,Counterman/Izzi,,
dorsal,NCS_1740_D,./Box 11/03_05_2022_1706-1750/JPG/DORSAL/NCS_1740_D.JPG,STRI,NCS_1740_D.JPG,03_05_2022_1706-1750,Box 11,Heliconius,erato,hydara,,,,,male,NCSU_1740,NCSU_1740,NCSU_1740,,,26-Oct-08,McMillan/Hines,,
dorsal,NCS_1734_D,./Box 11/03_05_2022_1706-1750/JPG/DORSAL/NCS_1734_D.JPG,STRI,NCS_1734_D.JPG,03_05_2022_1706-1750,Box 11,Heliconius,erato,petiverana,hydara,,,,,NCSU_1734,,NCSU_1734,,,,,,
dorsal,NCS_1724_D,./Box 11/03_05_2022_1706-1750/JPG/DORSAL/NCS_1724_D.JPG,STRI,NCS_1724_D.JPG,03_05_2022_1706-1750,Box 11,Heliconius,erato,hydara,petiverana,,,,male,NCSU_1724,NCSU_1724,NCSU_1724,,,25-Oct-08,McMillan/Hines,,
dorsal,NCS_1710_D,./Box 11/03_05_2022_1706-1750/JPG/DORSAL/NCS_1710_D.JPG,STRI,NCS_1710_D.JPG,03_05_2022_1706-1750,Box 11,Heliconius,erato,hydara,,,,,male,NCSU_1710,NCSU_1710,NCSU_1710,,,25-Oct-08,McMillan/Hines,,
dorsal,NCS_1623_D,./Box 11/27_04_2022_1601-1671/JPG/NCS_1623_D.JPG,STRI,NCS_1623_D.JPG,27_04_2022_1601-1671,Box 11,Heliconius,melpomene,aglaope,amaryllis,,,,male,NCSU_1623,NCSU_1623,NCSU_1623,,,17-Aug-08,McMillan/Reed,,
dorsal,NCS_1679_D,./Box 11/29_04_2022_1672-1705/JPG/NCS_1679_D.JPG,STRI,NCS_1679_D.JPG,29_04_2022_1672-1705,Box 11,Heliconius,melpomene,aglaope,,,,,male,NCSU_1679,NCSU_1679,NCSU_1679,,,18-Aug-08,McMillan/Reed,,
dorsal,NCS_1602_D,./Box 11/27_04_2022_1601-1671/JPG/NCS_1602_D.JPG,STRI,NCS_1602_D.JPG,27_04_2022_1601-1671,Box 11,Heliconius,erato,amphitrite,,,,x,male,NCSU_1602,NCSU_1602,NCSU_1602,,,08-Aug-08,McMillan/Reed,,
dorsal,NCS_1634_D,./Box 11/27_04_2022_1601-1671/JPG/NCS_1634_D.JPG,STRI,NCS_1634_D.JPG,27_04_2022_1601-1671,Box 11,Heliconius,melpomene,aglaope,,,,,male,NCSU_1634,NCSU_1634,NCSU_1634,,,17-Aug-08,McMillan/Reed,,
dorsal,NCS_1660_D,./Box 11/27_04_2022_1601-1671/JPG/NCS_1660_D.JPG,STRI,NCS_1660_D.JPG,27_04_2022_1601-1671,Box 11,Heliconius,melpomene,aglaope,,,,,male,NCSU_1660,NCSU_1660,NCSU_1660,,,17-Aug-08,McMillan/Reed,,
dorsal,NCS_1622_D,./Box 11/27_04_2022_1601-1671/JPG/NCS_1622_D.JPG,STRI,NCS_1622_D.JPG,27_04_2022_1601-1671,Box 11,Heliconius,melpomene,aglaope,,,,,male,NCSU_1622,NCSU_1622,NCSU_1622,,,,,,
dorsal,NCS_1632_D,./Box 11/27_04_2022_1601-1671/JPG/NCS_1632_D.JPG,STRI,NCS_1632_D.JPG,27_04_2022_1601-1671,Box 11,Heliconius,melpomene,aglaope,,,,,male,NCSU_1632,NCSU_1632,NCSU_1632,,,17-Aug-08,McMillan/Reed,,
dorsal,NCS_1690_D,./Box 11/29_04_2022_1672-1705/JPG/NCS_1690_D.JPG,STRI,NCS_1690_D.JPG,29_04_2022_1672-1705,Box 11,Heliconius,erato,hydara,petiverana,,,,male,NCSU_1690,NCSU_1690,NCSU_1690,,,25-Oct-08,McMillan/Hines,,
dorsal,NCS_1757_D,./Box 11/04_05_2022_1751-1799/JPG/DORSAL/NCS_1757_D.JPG,STRI,NCS_1757_D.JPG,04_05_2022_1751-1799,Box 11,Neruda,aoede,,,,,,female,NCSU_1757,NCSU_1757,NCSU_1757,,,01-Jul-09,Counterman/Izzi,,
dorsal,NCS_1700_D,./Box 11/29_04_2022_1672-1705/JPG/NCS_1700_D.JPG,STRI,NCS_1700_D.JPG,29_04_2022_1672-1705,Box 11,Heliconius,melpomene,rosina,,,,,male,NCSU_1700,NCSU_1700,NCSU_1700,,,25-Oct-08,McMillan/Hines,,
dorsal,NCS_1680_D,./Box 11/29_04_2022_1672-1705/JPG/NCS_1680_D.JPG,STRI,NCS_1680_D.JPG,29_04_2022_1672-1705,Box 11,Heliconius,erato,favorinus,,,,,male,NCSU_1680,NCSU_1680,NCSU_1680,,,18-Aug-08,McMillan/Reed,,
dorsal,NCS_1626_D,./Box 11/27_04_2022_1601-1671/JPG/NCS_1626_D.JPG,STRI,NCS_1626_D.JPG,27_04_2022_1601-1671,Box 11,Heliconius,melpomene,aglaope,,,,,male,NCSU_1626,NCSU_1626,NCSU_1626,,,17-Aug-08,McMillan/Reed,,
dorsal,NCS_1737_D,./Box 11/03_05_2022_1706-1750/JPG/DORSAL/NCS_1737_D.JPG,STRI,NCS_1737_D.JPG,03_05_2022_1706-1750,Box 11,Heliconius,erato,petiverana,hydara,,,,,NCSU_1737,,NCSU_1737,,,,,,
dorsal,NCS_1726_D,./Box 11/03_05_2022_1706-1750/JPG/DORSAL/NCS_1726_D.JPG,STRI,NCS_1726_D.JPG,03_05_2022_1706-1750,Box 11,Heliconius,erato,hydara,petiverana,,,,male,NCSU_1726,NCSU_1726,NCSU_1726,,,25-Oct-08,McMillan/Hines,,
dorsal,NCS_1606_D,./Box 11/27_04_2022_1601-1671/JPG/NCS_1606_D.JPG,STRI,NCS_1606_D.JPG,27_04_2022_1601-1671,Box 11,Heliconius,xanthocles,,,,,,male,NCSU_1606,NCSU_1606,NCSU_1606,,,16-Aug-08,McMillan/Reed,,
dorsal,NCS_1759_D,./Box 11/04_05_2022_1751-1799/JPG/DORSAL/NCS_1759_D.JPG,STRI,NCS_1759_D.JPG,04_05_2022_1751-1799,Box 11,Heliconius,erato,erato,hydara,,,,male,NCSU_1759,NCSU_1759,NCSU_1759,,,01-Jul-09,Counterman/Izzi,,
dorsal,NCS_1701_D,./Box 11/29_04_2022_1672-1705/JPG/NCS_1701_D.JPG,STRI,NCS_1701_D.JPG,29_04_2022_1672-1705,Box 11,Heliconius,melpomene,rosina,,,,,female,NCSU_1701,NCSU_1701,NCSU_1701,,,25-Oct-08,McMillan/Hines,,
dorsal,NCS_1631_D,./Box 11/27_04_2022_1601-1671/JPG/NCS_1631_D.JPG,STRI,NCS_1631_D.JPG,27_04_2022_1601-1671,Box 11,Heliconius,melpomene,aglaope,,,,,male,NCSU_1631,NCSU_1631,NCSU_1631,,,17-Aug-08,McMillan/Reed,,
dorsal,NCS_1670_D,./Box 11/27_04_2022_1601-1671/JPG/NCS_1670_D.JPG,STRI,NCS_1670_D.JPG,27_04_2022_1601-1671,Box 11,Neruda,aoede,,,,,,male,NCSU_1670,NCSU_1670,NCSU_1670,,,18-Aug-08,McMillan/Reed,,
dorsal,NCS_1739_D,./Box 11/03_05_2022_1706-1750/JPG/DORSAL/NCS_1739_D.JPG,STRI,NCS_1739_D.JPG,03_05_2022_1706-1750,Box 11,Heliconius,erato,hydara,,,,,male,NCSU_1739,NCSU_1739,NCSU_1739,,,26-Oct-08,McMillan/Hines,,
dorsal,NCS_1664_D,./Box 11/27_04_2022_1601-1671/JPG/NCS_1664_D.JPG,STRI,NCS_1664_D.JPG,27_04_2022_1601-1671,Box 11,Heliconius,erato,emma,,,,,male,NCSU_1664,NCSU_1664,NCSU_1664,,,17-Aug-08,McMillan/Reed,,
dorsal,NCS_1650_D,./Box 11/27_04_2022_1601-1671/JPG/NCS_1650_D.JPG,STRI,NCS_1650_D.JPG,27_04_2022_1601-1671,Box 11,Heliconius,melpomene,aglaope,,,,,male,NCSU_1650,NCSU_1650,NCSU_1650,,,17-Aug-08,McMillan/Reed,,
dorsal,NCS_1727_D,./Box 11/03_05_2022_1706-1750/JPG/DORSAL/NCS_1727_D.JPG,STRI,NCS_1727_D.JPG,03_05_2022_1706-1750,Box 11,Heliconius,erato,hydara,petiverana,,,,female,NCSU_1727,NCSU_1727,NCSU_1727,,,25-Oct-08,McMillan/Hines,,
dorsal,NCS_1694_D,./Box 11/29_04_2022_1672-1705/JPG/NCS_1694_D.JPG,STRI,NCS_1694_D.JPG,29_04_2022_1672-1705,Box 11,Heliconius,erato,hydara,petiverana,,,,female,NCSU_1694,NCSU_1694,NCSU_1694,,,25-Oct-08,McMillan/Hines,,
dorsal,NCS_1749_D,./Box 11/03_05_2022_1706-1750/JPG/DORSAL/NCS_1749_D.JPG,STRI,NCS_1749_D.JPG,03_05_2022_1706-1750,Box 11,Heliconius,elevatus,,,,,,male,NCSU_1749,NCSU_1749,NCSU_1749,,,01-Jul-09,Counterman/Izzi,,
dorsal,NCS_1719_D,./Box 11/03_05_2022_1706-1750/JPG/DORSAL/NCS_1719_D.JPG,STRI,NCS_1719_D.JPG,03_05_2022_1706-1750,Box 11,Heliconius,erato,hydara,petiverana,,,,male,NCSU_1719,NCSU_1719,NCSU_1719,,,25-Oct-08,McMillan/Hines,,
dorsal,NCS_1629_D,./Box 11/27_04_2022_1601-1671/JPG/NCS_1629_D.JPG,STRI,NCS_1629_D.JPG,27_04_2022_1601-1671,Box 11,Heliconius,melpomene,aglaope,,,,,male,NCSU_1629,NCSU_1629,NCSU_1629,,,17-Aug-08,McMillan/Reed,,
dorsal,NCS_1651_D,./Box 11/27_04_2022_1601-1671/JPG/NCS_1651_D.JPG,STRI,NCS_1651_D.JPG,27_04_2022_1601-1671,Box 11,Heliconius,melpomene,aglaope,,,,,male,NCSU_1651,NCSU_1651,NCSU_1651,,,17-Aug-08,McMillan/Reed,,
dorsal,NCS_1735_D,./Box 11/03_05_2022_1706-1750/JPG/DORSAL/NCS_1735_D.JPG,STRI,NCS_1735_D.JPG,03_05_2022_1706-1750,Box 11,Heliconius,erato,petiverana,hydara,,,,,NCSU_1735,,NCSU_1735,,,,,,
dorsal,NCS_1720_D,./Box 11/03_05_2022_1706-1750/JPG/DORSAL/NCS_1720_D.JPG,STRI,NCS_1720_D.JPG,03_05_2022_1706-1750,Box 11,Heliconius,erato,hydara,petiverana,,,,male,NCSU_1720,NCSU_1720,NCSU_1720,,,25-Oct-08,McMillan/Hines,,
dorsal,NCS_1743_D,./Box 11/03_05_2022_1706-1750/JPG/DORSAL/NCS_1743_D.JPG,STRI,NCS_1743_D.JPG,03_05_2022_1706-1750,Box 11,Heliconius,erato,demophoon,,,,,female,NCSU_1743,NCSU_1743,NCSU_1743,,,26-Oct-08,McMillan/Hines,,
dorsal,NCS_1675_D,./Box 11/29_04_2022_1672-1705/JPG/NCS_1675_D.JPG,STRI,NCS_1675_D.JPG,29_04_2022_1672-1705,Box 11,Heliconius,erato,emma,,,,,male,NCSU_1675,NCSU_1675,NCSU_1675,,,18-Aug-08,McMillan/Reed,,
dorsal,NCS_1738_D,./Box 11/03_05_2022_1706-1750/JPG/DORSAL/NCS_1738_D.JPG,STRI,NCS_1738_D.JPG,03_05_2022_1706-1750,Box 11,Heliconius,erato,petiverana,hydara,,,,,NCSU_1738,,NCSU_1738,,,,,,
dorsal,NCS_1741_D,./Box 11/03_05_2022_1706-1750/JPG/DORSAL/NCS_1741_D.JPG,STRI,NCS_1741_D.JPG,03_05_2022_1706-1750,Box 11,Heliconius,erato,hydara,,,,,male,NCSU_1741,NCSU_1741,NCSU_1741,,,26-Oct-08,McMillan/Hines,,
dorsal,NCS_1612_D,./Box 11/27_04_2022_1601-1671/JPG/NCS_1612_D.JPG,STRI,NCS_1612_D.JPG,27_04_2022_1601-1671,Box 11,Heliconius,sara,,,,,,male,NCSU_1612,NCSU_1612,NCSU_1612,,,16-Aug-08,McMillan/Reed,,
dorsal,NCS_1699_D,./Box 11/29_04_2022_1672-1705/JPG/NCS_1699_D.JPG,STRI,NCS_1699_D.JPG,29_04_2022_1672-1705,Box 11,Heliconius,melpomene,rosina,,,,,male,NCSU_1699,NCSU_1699,NCSU_1699,,,25-Oct-08,McMillan/Hines,,
dorsal,NCS_1644_D,./Box 11/27_04_2022_1601-1671/JPG/NCS_1644_D.JPG,STRI,NCS_1644_D.JPG,27_04_2022_1601-1671,Box 11,Heliconius,sara,,,,,,male,NCSU_1644,NCSU_1644,NCSU_1644,,,17-Aug-08,McMillan/Reed,,
dorsal,NCS_1736_D,./Box 11/03_05_2022_1706-1750/JPG/DORSAL/NCS_1736_D.JPG,STRI,NCS_1736_D.JPG,03_05_2022_1706-1750,Box 11,Heliconius,erato,petiverana,hydara,,,,,NCSU_1736,,NCSU_1736,,,,,,
dorsal,NCS_1647_D,./Box 11/27_04_2022_1601-1671/JPG/NCS_1647_D.JPG,STRI,NCS_1647_D.JPG,27_04_2022_1601-1671,Box 11,Heliconius,melpomene,aglaope,,,,,male,NCSU_1647,NCSU_1647,NCSU_1647,,,17-Aug-08,McMillan/Reed,,
dorsal,NCS_1687_D,./Box 11/29_04_2022_1672-1705/JPG/NCS_1687_D.JPG,STRI,NCS_1687_D.JPG,29_04_2022_1672-1705,Box 11,Heliconius,erato,hydara,petiverana,,,,male,NCSU_1687,NCSU_1687,NCSU_1687,,,25-Oct-08,McMillan/Hines,,
dorsal,NCS_1636_D,./Box 11/27_04_2022_1601-1671/JPG/NCS_1636_D.JPG,STRI,NCS_1636_D.JPG,27_04_2022_1601-1671,Box 11,Heliconius,melpomene,aglaope,,,,,male,NCSU_1636,NCSU_1636,NCSU_1636,,,17-Aug-08,McMillan/Reed,,
dorsal,NCS_1697_D,./Box 11/29_04_2022_1672-1705/JPG/NCS_1697_D.JPG,STRI,NCS_1697_D.JPG,29_04_2022_1672-1705,Box 11,Heliconius,erato,hydara,petiverana,,,,female,NCSU_1697,NCSU_1697,NCSU_1697,,,25-Oct-08,McMillan/Hines,,
dorsal,NCS_1638_D,./Box 11/27_04_2022_1601-1671/JPG/NCS_1638_D.JPG,STRI,NCS_1638_D.JPG,27_04_2022_1601-1671,Box 11,Heliconius,melpomene,aglaope,,,,,male,NCSU_1638,NCSU_1638,NCSU_1638,,,17-Aug-08,McMillan/Reed,,
dorsal,NCS_1649_D,./Box 11/27_04_2022_1601-1671/JPG/NCS_1649_D.JPG,STRI,NCS_1649_D.JPG,27_04_2022_1601-1671,Box 11,Heliconius,melpomene,aglaope,,,,,male,NCSU_1649,NCSU_1649,NCSU_1649,,,17-Aug-08,McMillan/Reed,,
dorsal,NCS_1624_D,./Box 11/27_04_2022_1601-1671/JPG/NCS_1624_D.JPG,STRI,NCS_1624_D.JPG,27_04_2022_1601-1671,Box 11,Heliconius,melpomene,aglaope,,,,,male,NCSU_1624,NCSU_1624,NCSU_1624,,,17-Aug-08,McMillan/Reed,,
dorsal,NCS_1666_D,./Box 11/27_04_2022_1601-1671/JPG/NCS_1666_D.JPG,STRI,NCS_1666_D.JPG,27_04_2022_1601-1671,Box 11,Heliconius,erato,emma,,,,,male,NCSU_1666,NCSU_1666,NCSU_1666,,,18-Aug-08,McMillan/Reed,,
dorsal,NCS_1619_D,./Box 11/27_04_2022_1601-1671/JPG/NCS_1619_D.JPG,STRI,NCS_1619_D.JPG,27_04_2022_1601-1671,Box 11,Heliconius,melpomene,aglaope,amaryllis,,,,male,NCSU_1619,NCSU_1619,NCSU_1619,,,16-Aug-08,McMillan/Reed,,
dorsal,NCS_1732_D,./Box 11/03_05_2022_1706-1750/JPG/DORSAL/NCS_1732_D.JPG,STRI,NCS_1732_D.JPG,03_05_2022_1706-1750,Box 11,Heliconius,erato,petiverana,hydara,,,,,NCSU_1732,,NCSU_1732,,,,,,
dorsal,NCS_1655_D,./Box 11/27_04_2022_1601-1671/JPG/NCS_1655_D.JPG,STRI,NCS_1655_D.JPG,27_04_2022_1601-1671,Box 11,Heliconius,melpomene,aglaope,amaryllis,,,,male,NCSU_1655,NCSU_1655,NCSU_1655,,,17-Aug-08,McMillan/Reed,,
dorsal,NCS_1718_D,./Box 11/03_05_2022_1706-1750/JPG/DORSAL/NCS_1718_D.JPG,STRI,NCS_1718_D.JPG,03_05_2022_1706-1750,Box 11,Heliconius,erato,hydara,petiverana,,,,male,NCSU_1718,NCSU_1718,NCSU_1718,,,25-Oct-08,McMillan/Hines,,
dorsal,NCS_1692_D,./Box 11/29_04_2022_1672-1705/JPG/NCS_1692_D.JPG,STRI,NCS_1692_D.JPG,29_04_2022_1672-1705,Box 11,Heliconius,erato,hydara,petiverana,,,,male,NCSU_1692,NCSU_1692,NCSU_1692,,,25-Oct-08,McMillan/Hines,,
dorsal,NCS_1756_D,./Box 11/04_05_2022_1751-1799/JPG/DORSAL/NCS_1756_D.JPG,STRI,NCS_1756_D.JPG,04_05_2022_1751-1799,Box 11,Heliconius,erato,hydara,,,,,male,NCSU_1756,NCSU_1756,NCSU_1756,,,01-Jul-09,Counterman/Izzi,,
dorsal,NCS_1760_D,./Box 11/04_05_2022_1751-1799/JPG/DORSAL/NCS_1760_D.JPG,STRI,NCS_1760_D.JPG,04_05_2022_1751-1799,Box 11,Junonia,,,,,,,,NCSU_1760,NCSU_1760,NCSU_1760,,,01-Jul-09,Counterman/Izzi,,
dorsal,NCS_1671_D,./Box 11/27_04_2022_1601-1671/JPG/NCS_1671_D.JPG,STRI,NCS_1671_D.JPG,27_04_2022_1601-1671,Box 11,Heliconius,erato,emma,,,,,male,NCSU_1671,NCSU_1671,NCSU_1671,,,18-Aug-08,McMillan/Reed,,
dorsal,NCS_1714_D,./Box 11/03_05_2022_1706-1750/JPG/DORSAL/NCS_1714_D.JPG,STRI,NCS_1714_D.JPG,03_05_2022_1706-1750,Box 11,Heliconius,erato,hydara,,,,,female,NCSU_1714,NCSU_1714,NCSU_1714,,,25-Oct-08,McMillan/Hines,,
dorsal,NCS_1665_D,./Box 11/27_04_2022_1601-1671/JPG/NCS_1665_D.JPG,STRI,NCS_1665_D.JPG,27_04_2022_1601-1671,Box 11,Heliconius,erato,emma,favorinus,,,,male,NCSU_1665,NCSU_1665,NCSU_1665,,,18-Aug-08,McMillan/Reed,,
dorsal,NCS_1713_D,./Box 11/03_05_2022_1706-1750/JPG/DORSAL/NCS_1713_D.JPG,STRI,NCS_1713_D.JPG,03_05_2022_1706-1750,Box 11,Heliconius,erato,hydara,,,,,male,NCSU_1713,NCSU_1713,NCSU_1713,,,25-Oct-08,McMillan/Hines,,
dorsal,NCS_1603_D,./Box 11/27_04_2022_1601-1671/JPG/NCS_1603_D.JPG,STRI,NCS_1603_D.JPG,27_04_2022_1601-1671,Box 11,Heliconius,burneyi,,,,,,male,NCSU_1603,NCSU_1603,NCSU_1603,,,15-Aug-08,McMillan/Reed,,
dorsal,NCS_1641_D,./Box 11/27_04_2022_1601-1671/JPG/NCS_1641_D.JPG,STRI,NCS_1641_D.JPG,27_04_2022_1601-1671,Box 11,Heliconius,sara,,,,,,male,NCSU_1641,NCSU_1641,NCSU_1641,,,17-Aug-08,McMillan/Reed,,
dorsal,NCS_1755_D,./Box 11/04_05_2022_1751-1799/JPG/DORSAL/NCS_1755_D.JPG,STRI,NCS_1755_D.JPG,04_05_2022_1751-1799,Box 11,Heliconius,erato,erato,hydara,,,,male,NCSU_1755,NCSU_1755,NCSU_1755,,,01-Jul-09,Counterman/Izzi,,
dorsal,NCS_1621_D,./Box 11/27_04_2022_1601-1671/JPG/NCS_1621_D.JPG,STRI,NCS_1621_D.JPG,27_04_2022_1601-1671,Box 11,Dryas,julia,,,,,,,NCSU_1621,NCSU_1621,NCSU_1621,,,16-Aug-08,McMillan/Reed,,
dorsal,NCS_1601_D,./Box 11/27_04_2022_1601-1671/JPG/NCS_1601_D.JPG,STRI,NCS_1601_D.JPG,27_04_2022_1601-1671,Box 11,Heliconius,erato,amphitrite,,,,x,male,NCSU_1601,NCSU_1601,NCSU_1601,,,08-Aug-08,McMillan/Reed,,
dorsal,NCS_1711_D,./Box 11/03_05_2022_1706-1750/JPG/DORSAL/NCS_1711_D.JPG,STRI,NCS_1711_D.JPG,03_05_2022_1706-1750,Box 11,Heliconius,erato,hydara,,,,,male,NCSU_1711,NCSU_1711,NCSU_1711,,,25-Oct-08,McMillan/Hines,,
dorsal,NCS_1703_D,./Box 11/29_04_2022_1672-1705/JPG/NCS_1703_D.JPG,STRI,NCS_1703_D.JPG,29_04_2022_1672-1705,Box 11,Heliconius,melpomene,melpomene,rosina,,,,male,NCSU_1703,NCSU_1703,NCSU_1703,,,25-Oct-08,McMillan/Hines,,
dorsal,NCS_1693_D,./Box 11/29_04_2022_1672-1705/JPG/NCS_1693_D.JPG,STRI,NCS_1693_D.JPG,29_04_2022_1672-1705,Box 11,Heliconius,erato,hydara,petiverana,,,,male,NCSU_1693,NCSU_1693,NCSU_1693,,,25-Oct-08,McMillan/Hines,,
dorsal,NCS_1728_D,./Box 11/03_05_2022_1706-1750/JPG/DORSAL/NCS_1728_D.JPG,STRI,NCS_1728_D.JPG,03_05_2022_1706-1750,Box 11,Heliconius,erato,hydara,petiverana,,,,female,NCSU_1728,NCSU_1728,NCSU_1728,,,25-Oct-08,McMillan/Hines,,
dorsal,NCS_1742_D,./Box 11/03_05_2022_1706-1750/JPG/DORSAL/NCS_1742_D.JPG,STRI,NCS_1742_D.JPG,03_05_2022_1706-1750,Box 11,Heliconius,erato,demophoon,,,,,male,NCSU_1742,NCSU_1742,NCSU_1742,,,26-Oct-08,McMillan/Hines,,
dorsal,NCS_1746_D,./Box 11/03_05_2022_1706-1750/JPG/DORSAL/NCS_1746_D.JPG,STRI,NCS_1746_D.JPG,03_05_2022_1706-1750,Box 11,Heliconius,sara,,,,,X,male,NCSU_1746,NCSU_1746,NCSU_1746,,,30-Jun-09,Counterman/Izzi,,
dorsal,NCS_1704_D,./Box 11/29_04_2022_1672-1705/JPG/NCS_1704_D.JPG,STRI,NCS_1704_D.JPG,29_04_2022_1672-1705,Box 11,Heliconius,erato,demophoon,,,,,male,NCSU_1704,NCSU_1704,NCSU_1704,,,25-Oct-08,McMillan/Hines,,
dorsal,NCS_1731_D,./Box 11/03_05_2022_1706-1750/JPG/DORSAL/NCS_1731_D.JPG,STRI,NCS_1731_D.JPG,03_05_2022_1706-1750,Box 11,Heliconius,melpomene,melpomene,rosina,,,,male,NCSU_1731,NCSU_1731,NCSU_1731,,,25-Oct-08,McMillan/Hines,,
dorsal,NCS_1648_D,./Box 11/27_04_2022_1601-1671/JPG/NCS_1648_D.JPG,STRI,NCS_1648_D.JPG,27_04_2022_1601-1671,Box 11,Heliconius,melpomene,aglaope,,,,,male,NCSU_1648,NCSU_1648,NCSU_1648,,,17-Aug-08,McMillan/Reed,,
dorsal,NCS_1640_D,./Box 11/27_04_2022_1601-1671/JPG/NCS_1640_D.JPG,STRI,NCS_1640_D.JPG,27_04_2022_1601-1671,Box 11,Heliconius,melpomene,aglaope,,,,,male,NCSU_1640,NCSU_1640,NCSU_1640,,,17-Aug-08,McMillan/Reed,,
dorsal,NCS_1625_D,./Box 11/27_04_2022_1601-1671/JPG/NCS_1625_D.JPG,STRI,NCS_1625_D.JPG,27_04_2022_1601-1671,Box 11,Heliconius,melpomene,aglaope,,,,,male,NCSU_1625,NCSU_1625,NCSU_1625,,,17-Aug-08,McMillan/Reed,,
dorsal,NCS_1721_D,./Box 11/03_05_2022_1706-1750/JPG/DORSAL/NCS_1721_D.JPG,STRI,NCS_1721_D.JPG,03_05_2022_1706-1750,Box 11,Heliconius,erato,hydara,petiverana,,,,male,NCSU_1721,NCSU_1721,NCSU_1721,,,25-Oct-08,McMillan/Hines,,
dorsal,NCS_1639_D,./Box 11/27_04_2022_1601-1671/JPG/NCS_1639_D.JPG,STRI,NCS_1639_D.JPG,27_04_2022_1601-1671,Box 11,Heliconius,melpomene,aglaope,,,,,male,NCSU_1639,NCSU_1639,NCSU_1639,,,17-Aug-08,McMillan/Reed,,
dorsal,NCS_1667_D,./Box 11/27_04_2022_1601-1671/JPG/NCS_1667_D.JPG,STRI,NCS_1667_D.JPG,27_04_2022_1601-1671,Box 11,Heliconius,wallacei,,,,,,female,NCSU_1667,NCSU_1667,NCSU_1667,,,18-Aug-08,McMillan/Reed,,
dorsal,NCS_1669_D,./Box 11/27_04_2022_1601-1671/JPG/NCS_1669_D.JPG,STRI,NCS_1669_D.JPG,27_04_2022_1601-1671,Box 11,Heliconius,burneyi,,,,,,male,NCSU_1669,NCSU_1669,NCSU_1669,,,18-Aug-08,McMillan/Reed,,
dorsal,NCS_1659_D,./Box 11/27_04_2022_1601-1671/JPG/NCS_1659_D.JPG,STRI,NCS_1659_D.JPG,27_04_2022_1601-1671,Box 11,Heliconius,melpomene,aglaope,,,,,male,NCSU_1659,NCSU_1659,NCSU_1659,,,17-Aug-08,McMillan/Reed,,
dorsal,NCS_1715_D,./Box 11/03_05_2022_1706-1750/JPG/DORSAL/NCS_1715_D.JPG,STRI,NCS_1715_D.JPG,03_05_2022_1706-1750,Box 11,Heliconius,erato,hydara,petiverana,,,,male,NCSU_1715,NCSU_1715,NCSU_1715,,,25-Oct-08,McMillan/Hines,,
dorsal,NCS_1607_D,./Box 11/27_04_2022_1601-1671/JPG/NCS_1607_D.JPG,STRI,NCS_1607_D.JPG,27_04_2022_1601-1671,Box 11,Heliconius,xanthocles,,,,,,male,NCSU_1607,NCSU_1607,NCSU_1607,,,16-Aug-08,McMillan/Reed,,
dorsal,NCS_1705_D,./Box 11/29_04_2022_1672-1705/JPG/NCS_1705_D.JPG,STRI,NCS_1705_D.JPG,29_04_2022_1672-1705,Box 11,Heliconius,erato,demophoon,,,,,male,NCSU_1705,NCSU_1705,NCSU_1705,,,25-Oct-08,McMillan/Hines,,
dorsal,NCS_1723_D,./Box 11/03_05_2022_1706-1750/JPG/DORSAL/NCS_1723_D.JPG,STRI,NCS_1723_D.JPG,03_05_2022_1706-1750,Box 11,Heliconius,erato,hydara,petiverana,,,,male,NCSU_1723,NCSU_1723,NCSU_1723,,,25-Oct-08,McMillan/Hines,,
dorsal,NCS_1627_D,./Box 11/27_04_2022_1601-1671/JPG/NCS_1627_D.JPG,STRI,NCS_1627_D.JPG,27_04_2022_1601-1671,Box 11,Heliconius,melpomene,aglaope,,,,,male,NCSU_1627,NCSU_1627,NCSU_1627,,,17-Aug-08,McMillan/Reed,,
dorsal,NCS_1615_D,./Box 11/27_04_2022_1601-1671/JPG/NCS_1615_D.JPG,STRI,NCS_1615_D.JPG,27_04_2022_1601-1671,Box 11,Neruda,aoede,,,,,,female,NCSU_1615,NCSU_1615,NCSU_1615,,,16-Aug-08,McMillan/Reed,,
dorsal,NCS_1698_D,./Box 11/29_04_2022_1672-1705/JPG/NCS_1698_D.JPG,STRI,NCS_1698_D.JPG,29_04_2022_1672-1705,Box 11,Heliconius,erato,hydara,petiverana,,,,female,NCSU_1698,NCSU_1698,NCSU_1698,,,25-Oct-08,McMillan/Hines,,
dorsal,NCS_1709_D,./Box 11/03_05_2022_1706-1750/JPG/DORSAL/NCS_1709_D.JPG,STRI,NCS_1709_D.JPG,03_05_2022_1706-1750,Box 11,Heliconius,erato,hydara,,,,,male,NCSU_1709,NCSU_1709,NCSU_1709,,,25-Oct-08,McMillan/Hines,,
dorsal,NCS_1725_D,./Box 11/03_05_2022_1706-1750/JPG/DORSAL/NCS_1725_D.JPG,STRI,NCS_1725_D.JPG,03_05_2022_1706-1750,Box 11,Heliconius,erato,hydara,petiverana,,,,male,NCSU_1725,NCSU_1725,NCSU_1725,,,25-Oct-08,McMillan/Hines,,
dorsal,NCS_1616_D,./Box 11/27_04_2022_1601-1671/JPG/NCS_1616_D.JPG,STRI,NCS_1616_D.JPG,27_04_2022_1601-1671,Box 11,Neruda,aoede,,,,,,male,NCSU_1616,NCSU_1616,NCSU_1616,,,16-Aug-08,McMillan/Reed,,
dorsal,NCS_1678_D,./Box 11/29_04_2022_1672-1705/JPG/NCS_1678_D.JPG,STRI,NCS_1678_D.JPG,29_04_2022_1672-1705,Box 11,Heliconius,melpomene,aglaope,,,,,male,NCSU_1678,NCSU_1678,NCSU_1678,,,18-Aug-08,McMillan/Reed,,
dorsal,NCS_1696_D,./Box 11/29_04_2022_1672-1705/JPG/NCS_1696_D.JPG,STRI,NCS_1696_D.JPG,29_04_2022_1672-1705,Box 11,Heliconius,erato,hydara,petiverana,,,,female,NCSU_1696,NCSU_1696,NCSU_1696,,,25-Oct-08,McMillan/Hines,,
dorsal,NCS_1695_D,./Box 11/29_04_2022_1672-1705/JPG/NCS_1695_D.JPG,STRI,NCS_1695_D.JPG,29_04_2022_1672-1705,Box 11,Heliconius,erato,hydara,petiverana,,,,female,NCSU_1695,NCSU_1695,NCSU_1695,,,25-Oct-08,McMillan/Hines,,
dorsal,NCS_1643_D,./Box 11/27_04_2022_1601-1671/JPG/NCS_1643_D.JPG,STRI,NCS_1643_D.JPG,27_04_2022_1601-1671,Box 11,Heliconius,sara,,,,,,male,NCSU_1643,NCSU_1643,NCSU_1643,,,17-Aug-08,McMillan/Reed,,
dorsal,NCS_1652_D,./Box 11/27_04_2022_1601-1671/JPG/NCS_1652_D.JPG,STRI,NCS_1652_D.JPG,27_04_2022_1601-1671,Box 11,Heliconius,sara,,,,,,male,NCSU_1652,NCSU_1652,NCSU_1652,,,17-Aug-08,McMillan/Reed,,
dorsal,NCS_1751_D,./Box 11/04_05_2022_1751-1799/JPG/DORSAL/NCS_1751_D.JPG,STRI,NCS_1751_D.JPG,04_05_2022_1751-1799,Box 11,Heliconius,erato,erato,,,,,female,NCSU_1751,NCSU_1751,NCSU_1751,,,01-Jul-09,Counterman/Izzi,,
dorsal,NCS_1635_D,./Box 11/27_04_2022_1601-1671/JPG/NCS_1635_D.JPG,STRI,NCS_1635_D.JPG,27_04_2022_1601-1671,Box 11,Heliconius,melpomene,aglaope,,,,,male,NCSU_1635,NCSU_1635,NCSU_1635,,,17-Aug-08,McMillan/Reed,,
dorsal,NCS_1747_D,./Box 11/03_05_2022_1706-1750/JPG/DORSAL/NCS_1747_D.JPG,STRI,NCS_1747_D.JPG,03_05_2022_1706-1750,Box 11,Junonia,,,,,,,?,NCSU_1747,NCSU_1747,NCSU_1747,,,30-Jun-09,Counterman/Izzi,,
damaged,STRI_WOM_2426_D,./Box 10/19_04_2022_2363-2439/JPG/DORSAL/STRI_WOM_2426_D.JPG,STRI,STRI_WOM_2426_D.JPG,19_04_2022_2363-2439,Box 10,Heliconius,erato,hybrid,,Heliconiinae,Heliconius erato (hybrid),,,STRI_WOM_2426,,STRI_WOM_2426,STRI_WOM_2426,157.0,36466,MICHAEL J. BLUM,Wild,BLUM - STRI
damaged,STRI_WOM_2359_D,./Box 10/18_04_2022_0001-2362/JPG/DORSAL/STRI_WOM_2359_D.JPG,STRI,STRI_WOM_2359_D.JPG,18_04_2022_0001-2362,Box 10,Heliconius,erato,hybrid,,Heliconiinae,Heliconius erato (hybrid),,,STRI_WOM_2359,,STRI_WOM_2359,STRI_WOM_2359,90.0,36454,MICHAEL J. BLUM,Wild,BLUM - STRI
damaged,STRI_WOM_2610_D,./Box 10/21_04_2022_2440-0052/JPG/DORSAL/STRI_WOM_2610_D.JPG,STRI,STRI_WOM_2610_D.JPG,21_04_2022_2440-0052,Box 10,Heliconius,erato,hybrid,,Heliconiinae,Heliconius erato (hybrid),,,STRI_WOM_2610,,STRI_WOM_2610,STRI_WOM_2610,341.0,36508,MICHAEL J. BLUM,Wild,BLUM - STRI
damaged,STRI_WOM_2642_D,./Box 10/25_04_2022_2371-5196/JPG/DORSAL/STRI_WOM_2642_D.JPG,STRI,STRI_WOM_2642_D.JPG,25_04_2022_2371-5196,Box 10,Heliconius,erato,hybrid,,Heliconiinae,Heliconius erato (hybrid),,,STRI_WOM_2642,,STRI_WOM_2642,STRI_WOM_2642,373.0,36529,MICHAEL J. BLUM,Wild,BLUM - STRI
damaged,STRI_WOM_2650_D,./Box 10/26_04_2022_5197-2641/JPG/DORSAL/STRI_WOM_2650_D.JPG,STRI,STRI_WOM_2650_D.JPG,26_04_2022_5197-2641,Box 10,Heliconius,erato,hybrid,,Heliconiinae,Heliconius erato (hybrid),,,STRI_WOM_2650,,STRI_WOM_2650,STRI_WOM_2650,381.0,36530,MICHAEL J. BLUM,Wild,BLUM - STRI
damaged,STRI_WOM_2613_D,./Box 10/21_04_2022_2440-0052/JPG/DORSAL/STRI_WOM_2613_D.JPG,STRI,STRI_WOM_2613_D.JPG,21_04_2022_2440-0052,Box 10,Heliconius,erato,hybrid,,Heliconiinae,Heliconius erato (hybrid),,,STRI_WOM_2613,,STRI_WOM_2613,STRI_WOM_2613,344.0,36508,MICHAEL J. BLUM,Wild,BLUM - STRI
damaged,STRI_WOM_2596_D,./Box 10/21_04_2022_2440-0052/JPG/DORSAL/STRI_WOM_2596_D.JPG,STRI,STRI_WOM_2596_D.JPG,21_04_2022_2440-0052,Box 10,Heliconius,erato,hybrid,,Heliconiinae,Heliconius erato (hybrid),,,STRI_WOM_2596,,STRI_WOM_2596,STRI_WOM_2596,327.0,36504,MICHAEL J. BLUM,Wild,BLUM - STRI
damaged,STRI_WOM_2428_D,./Box 10/19_04_2022_2363-2439/JPG/DORSAL/STRI_WOM_2428_D.JPG,STRI,STRI_WOM_2428_D.JPG,19_04_2022_2363-2439,Box 10,Heliconius,erato,hybrid,,Heliconiinae,Heliconius erato (hybrid),,,STRI_WOM_2428,,STRI_WOM_2428,STRI_WOM_2428,159.0,36466,MICHAEL J. BLUM,Wild,BLUM - STRI
damaged,STRI_WOM_2434_D,./Box 10/19_04_2022_2363-2439/JPG/DORSAL/STRI_WOM_2434_D.JPG,STRI,STRI_WOM_2434_D.JPG,19_04_2022_2363-2439,Box 10,Heliconius,erato,hybrid,,Heliconiinae,Heliconius erato (hybrid),,,STRI_WOM_2434,,STRI_WOM_2434,STRI_WOM_2434,165.0,36466,MICHAEL J. BLUM,Wild,BLUM - STRI
damaged,STRI_WOM_2681_D,./Box 10/25_04_2022_2371-5196/JPG/DORSAL/STRI_WOM_2681_D.JPG,STRI,STRI_WOM_2681_D.JPG,25_04_2022_2371-5196,Box 10,Heliconius,erato,hybrid,,Heliconiinae,Heliconius erato (hybrid),,,STRI_WOM_2681,,STRI_WOM_2681,STRI_WOM_2681,415.0,36636,MICHAEL J. BLUM,Wild,BLUM - STRI
damaged,STRI_WOM_2445_D,./Box 10/21_04_2022_2440-0052/JPG/DORSAL/STRI_WOM_2445_D.JPG,STRI,STRI_WOM_2445_D.JPG,21_04_2022_2440-0052,Box 10,Heliconius,erato,hybrid,,Heliconiinae,Heliconius erato (hybrid),,,STRI_WOM_2445,,STRI_WOM_2445,STRI_WOM_2445,176.0,36467,MICHAEL J. BLUM,Wild,BLUM - STRI
damaged,STRI_WOM_2432_D,./Box 10/19_04_2022_2363-2439/JPG/DORSAL/STRI_WOM_2432_D.JPG,STRI,STRI_WOM_2432_D.JPG,19_04_2022_2363-2439,Box 10,Heliconius,erato,hybrid,,Heliconiinae,Heliconius erato (hybrid),,,STRI_WOM_2432,,STRI_WOM_2432,STRI_WOM_2432,163.0,36466,MICHAEL J. BLUM,Wild,BLUM - STRI
damaged,STRI_WOM_2580_D,./Box 10/21_04_2022_2440-0052/JPG/DORSAL/STRI_WOM_2580_D.JPG,STRI,STRI_WOM_2580_D.JPG,21_04_2022_2440-0052,Box 10,Heliconius,erato,hybrid,,Heliconiinae,Heliconius erato (hybrid),,,STRI_WOM_2580,,STRI_WOM_2580,STRI_WOM_2580,311.0,36502,MICHAEL J. BLUM,Wild,BLUM - STRI
damaged,STRI_WOM_2292_D,./Box 10/18_04_2022_0001-2362/JPG/DORSAL/STRI_WOM_2292_D.JPG,STRI,STRI_WOM_2292_D.JPG,18_04_2022_0001-2362,Box 10,Heliconius,erato,hybrid,,Heliconiinae,Heliconius erato (hybrid),,,STRI_WOM_2292,,STRI_WOM_2292,STRI_WOM_2292,23.0,36447,MICHAEL J. BLUM,Wild,BLUM - STRI
damaged,STRI_WOM_2597_D,./Box 10/21_04_2022_2440-0052/JPG/DORSAL/STRI_WOM_2597_D.JPG,STRI,STRI_WOM_2597_D.JPG,21_04_2022_2440-0052,Box 10,Heliconius,erato,hybrid,,Heliconiinae,Heliconius erato (hybrid),,,STRI_WOM_2597,,STRI_WOM_2597,STRI_WOM_2597,328.0,36504,MICHAEL J. BLUM,Wild,BLUM - STRI
damaged,STRI_WOM_2439_D,./Box 10/19_04_2022_2363-2439/JPG/DORSAL/STRI_WOM_2439_D.JPG,STRI,STRI_WOM_2439_D.JPG,19_04_2022_2363-2439,Box 10,Heliconius,erato,hybrid,,Heliconiinae,Heliconius erato (hybrid),,,STRI_WOM_2439,,STRI_WOM_2439,STRI_WOM_2439,170.0,36466,MICHAEL J. BLUM,Wild,BLUM - STRI
incomplete,STRI_WOM_5854_D,./Box 10/26_04_2022_5197-2641/JPG/DORSAL/STRI_WOM_5854_D.JPG,STRI,STRI_WOM_5854_D.JPG,26_04_2022_5197-2641,Box 10,Heliconius,erato,,,Heliconiinae,Heliconius erato (demophoon x hydara),,female,STRI_WOM_5854,,STRI_WOM_5854,STRI_WOM_5854,,41360,ADRIANA TAPIA,Wild,MCMILLAN - STRI
incomplete,STRI_WOM_5840_D,./Box 10/26_04_2022_5197-2641/JPG/DORSAL/STRI_WOM_5840_D.JPG,STRI,STRI_WOM_5840_D.JPG,26_04_2022_5197-2641,Box 10,Heliconius,erato,,,Heliconiinae,Heliconius erato (demophoon x hydara),,female,STRI_WOM_5840,,STRI_WOM_5840,STRI_WOM_5840,,2013-03-08 00:00:00,ADRIANA TAPIA,Stocks,MCMILLAN - STRI